日期,开盘价,收盘价,最高价,最低价,成交量(手),成交额(元),振幅(%),涨跌幅(%),涨跌额,换手率(%)
2023-01-03,210.12,208.81,210.44,204.41,104820,4056787273.0,2.86,-1.0,-2.1,0.53
2023-01-04,207.06,205.68,207.34,204.59,196023,7527791631.0,1.32,-1.5,-3.13,0.94
2023-01-05,207.9,218.74,220.21,206.24,260433,10371713857.0,6.79,6.35,13.06,1.24
2023-01-06,217.9,223.82,228.44,216.82,183925,7641585134.0,5.31,2.32,5.08,0.88
2023-01-09,227.28,223.79,227.28,222.34,128403,5373244035.0,2.21,-0.01,-0.03,0.61
2023-01-10,224.38,232.34,234.01,221.95,182607,7781973489.0,5.39,3.82,8.55,0.87
2023-01-11,231.51,230.04,234.56,227.9,122418,5252326720.0,2.87,-0.99,-2.3,0.59
2023-01-12,232.34,233.18,236.11,231.05,111368,4837460192.0,2.2,1.36,3.14,0.53
2023-01-13,239.01,236.51,243.74,231.23,207575,9140635813.0,5.36,1.43,3.33,0.99
2023-01-16,235.95,240.47,242.06,234.07,168091,7451169294.0,3.38,1.67,3.96,0.8
2023-01-17,240.64,239.9,243.38,238.79,98958,4416180657.0,1.91,-0.24,-0.57,0.47
2023-01-18,241.51,241.51,242.83,238.51,73443,3292955688.0,1.8,0.67,1.61,0.35
2023-01-19,239.75,240.55,243.18,238.0,73100,3254123919.0,2.14,-0.4,-0.96,0.35
2023-01-20,240.55,243.45,243.56,239.15,107657,4841543970.0,1.83,1.21,2.9,0.51
2023-01-30,258.66,253.81,264.88,252.05,211743,10102385367.0,5.27,4.26,10.36,1.01
2023-01-31,253.39,250.79,257.62,249.25,139540,6565989151.0,3.3,-1.19,-3.02,0.67
2023-02-01,254.0,257.23,258.65,253.72,115022,5464594493.0,1.97,2.57,6.44,0.55
2023-02-02,258.38,251.29,258.84,250.61,134557,6339908128.0,3.2,-2.31,-5.94,0.64
2023-02-03,250.12,245.79,251.34,243.11,120200,5495174744.0,3.28,-2.19,-5.5,0.57
2023-02-06,243.45,242.68,244.3,237.39,107529,4811799061.0,2.81,-1.27,-3.11,0.51
2023-02-07,242.61,241.29,244.45,239.38,72112,3231274189.0,2.09,-0.57,-1.39,0.34
2023-02-08,242.12,240.79,244.26,239.56,73299,3293742443.0,1.95,-0.21,-0.5,0.35
2023-02-09,240.79,244.0,245.67,237.62,80314,3627030215.0,3.34,1.33,3.21,0.38
2023-02-10,244.01,240.09,245.5,239.57,83978,3773477538.0,2.43,-1.6,-3.91,0.4
2023-02-13,242.89,247.9,248.77,240.68,134185,6143224997.0,3.37,3.25,7.81,0.64
2023-02-14,252.9,242.93,253.06,240.0,128122,5816558282.0,5.27,-2.0,-4.97,0.61
2023-02-15,244.06,241.56,246.23,241.23,77734,3508461573.0,2.06,-0.56,-1.37,0.37
2023-02-16,243.45,238.56,244.84,235.68,100911,4514542232.0,3.79,-1.24,-3.0,0.48
2023-02-17,237.9,225.78,237.9,225.68,214696,9171648847.0,5.12,-5.36,-12.78,1.03
2023-02-20,223.45,225.94,226.72,218.08,168299,6992852566.0,3.83,0.07,0.16,0.8
2023-02-21,224.28,222.9,227.06,221.23,131846,5490561030.0,2.58,-1.35,-3.04,0.63
2023-02-22,219.56,219.83,222.4,218.27,123639,5069312343.0,1.85,-1.38,-3.07,0.59
2023-02-23,220.12,221.91,222.97,218.68,95373,3922375682.0,1.95,0.95,2.08,0.46
2023-02-24,220.68,217.56,221.12,216.8,99894,4060495069.0,1.95,-1.96,-4.35,0.48
2023-02-27,216.08,215.18,217.61,214.62,92206,3705001333.0,1.37,-1.09,-2.38,0.44
2023-02-28,216.78,216.73,219.18,215.4,93231,3769996772.0,1.76,0.72,1.55,0.45
2023-03-01,216.29,221.11,222.44,216.25,126020,5166296897.0,2.86,2.02,4.38,0.6
2023-03-02,219.84,215.01,220.68,212.45,161453,6483446930.0,3.72,-2.76,-6.1,0.77
2023-03-03,215.84,215.85,217.74,214.56,82031,3300669920.0,1.48,0.39,0.84,0.39
2023-03-06,215.77,219.24,219.49,210.13,166267,6674565924.0,4.34,1.57,3.39,0.79
2023-03-07,216.79,215.79,219.56,215.58,99184,4014218858.0,1.82,-1.57,-3.45,0.47
2023-03-08,214.57,213.3,216.19,211.85,81294,3231604462.0,2.01,-1.15,-2.49,0.39
2023-03-09,212.45,212.9,215.28,208.03,81367,3228769655.0,3.4,-0.19,-0.4,0.39
2023-03-10,215.5,217.78,220.08,212.29,191426,7722447890.0,3.66,2.29,4.88,0.89
2023-03-13,216.25,210.12,218.26,209.01,188332,7424578060.0,4.25,-3.52,-7.66,0.87
2023-03-14,209.5,207.47,209.56,202.34,184847,7095007800.0,3.44,-1.26,-2.65,0.86
2023-03-15,210.68,207.9,212.2,205.46,129683,5046344791.0,3.25,0.21,0.43,0.6
2023-03-16,205.68,206.29,208.96,205.4,101132,3897781767.0,1.71,-0.77,-1.61,0.47
2023-03-17,208.45,201.22,209.0,200.95,201447,7641555518.0,3.9,-2.46,-5.07,0.93
2023-03-20,200.42,203.43,206.01,196.79,158370,6002000932.0,4.58,1.1,2.21,0.73
2023-03-21,204.68,211.11,211.33,202.73,172924,6720740862.0,4.23,3.78,7.68,0.8
2023-03-22,213.86,214.12,219.38,212.91,176872,7125770900.0,3.06,1.43,3.01,0.82
2023-03-23,213.45,213.66,215.63,211.47,100289,3981184717.0,1.94,-0.21,-0.46,0.46
2023-03-24,213.68,211.0,215.82,209.01,117653,4645723682.0,3.19,-1.24,-2.66,0.55
2023-03-27,209.63,212.62,213.79,205.91,161157,6311744702.0,3.73,0.77,1.62,0.75
2023-03-28,211.23,210.45,212.44,209.12,75906,2976678086.0,1.56,-1.02,-2.17,0.35
2023-03-29,211.9,214.66,216.94,210.69,137546,5508159641.0,2.97,2.0,4.21,0.64
2023-03-30,215.11,214.63,215.68,213.09,86819,3465633464.0,1.21,-0.01,-0.03,0.4
2023-03-31,217.06,217.93,222.89,217.06,196076,8033742420.0,2.72,1.54,3.3,0.91
2023-04-03,217.96,213.85,218.34,212.34,167632,6698371580.0,2.75,-1.87,-4.08,0.78
2023-04-04,214.56,207.9,214.56,204.46,200897,7782699958.0,4.72,-2.78,-5.95,0.93
2023-04-06,205.68,207.91,208.76,203.54,105816,4064823971.0,2.51,0.0,0.01,0.49
2023-04-07,206.87,209.29,211.23,205.88,100581,3923098225.0,2.57,0.66,1.38,0.47
2023-04-10,211.17,215.68,215.74,207.9,172379,6844475287.0,3.75,3.05,6.39,0.8
2023-04-11,214.57,214.54,220.05,213.45,143663,5785418237.0,3.06,-0.53,-1.14,0.67
2023-04-12,214.56,210.13,214.56,210.12,87367,3443470020.0,2.07,-2.06,-4.41,0.41
2023-04-13,209.01,208.04,209.76,206.23,100464,3896072549.0,1.68,-0.99,-2.09,0.47
2023-04-14,207.84,213.06,215.88,207.62,159237,6337229777.0,3.97,2.41,5.02,0.74
2023-04-17,212.53,218.94,220.12,212.23,176632,7173869978.0,3.7,2.76,5.88,0.82
2023-04-18,218.95,219.56,224.56,218.61,140605,5793046443.0,2.72,0.28,0.62,0.65
2023-04-19,222.62,220.33,222.81,217.9,116224,4770263894.0,2.24,0.35,0.77,0.54
2023-04-20,220.29,212.34,220.29,212.34,158438,6335888038.0,3.61,-3.63,-7.99,0.73
2023-04-21,217.06,217.34,222.85,214.01,252760,10288953392.0,4.16,2.35,5.0,1.17
2023-04-24,217.4,212.83,217.9,210.61,173774,6922771298.0,3.35,-2.08,-4.51,0.81
2023-04-25,213.45,206.73,213.45,203.45,168989,6532955961.0,4.7,-2.87,-6.1,0.78
2023-04-26,206.74,218.24,221.69,203.75,397075,8801110231.0,8.68,5.57,11.51,1.02
2023-04-27,217.74,224.74,226.22,216.05,339691,7764148296.0,4.66,2.98,6.5,0.87
2023-04-28,227.74,224.59,231.07,220.63,271048,6269727389.0,4.65,-0.07,-0.15,0.7
2023-05-04,224.74,219.26,226.24,218.29,194091,4416464194.0,3.54,-2.37,-5.33,0.5
2023-05-05,218.74,220.74,223.74,217.46,167409,3793534213.0,2.86,0.67,1.48,0.43
2023-05-08,223.74,224.55,227.53,219.8,227531,5237667345.0,3.5,1.73,3.81,0.59
2023-05-09,224.12,219.57,224.12,217.79,196538,4447695097.0,2.82,-2.22,-4.98,0.51
2023-05-10,219.54,226.26,227.99,214.95,289568,6637247354.0,5.94,3.05,6.69,0.75
2023-05-11,226.29,234.14,236.72,224.94,347474,8292776226.0,5.21,3.48,7.88,0.89
2023-05-12,235.73,231.72,238.3,231.72,223100,5363787910.0,2.81,-1.03,-2.42,0.57
2023-05-15,234.75,232.03,237.74,228.84,267065,6408351582.0,3.84,0.13,0.31,0.69
2023-05-16,232.14,232.74,234.71,230.51,139740,3336944402.0,1.81,0.31,0.71,0.36
2023-05-17,232.74,233.74,235.42,229.8,182464,4350981986.0,2.41,0.43,1.0,0.47
2023-05-18,235.04,226.14,235.11,224.78,241239,5653225268.0,4.42,-3.25,-7.6,0.62
2023-05-19,225.49,223.74,227.92,223.74,194722,4503095902.0,1.85,-1.06,-2.4,0.5
2023-05-22,222.74,224.04,226.24,220.74,146791,3373155581.0,2.46,0.13,0.3,0.38
2023-05-23,224.62,219.16,225.45,218.89,196132,4466450818.0,2.93,-2.18,-4.88,0.51
2023-05-24,218.54,218.99,222.25,217.46,147857,3347225922.0,2.19,-0.08,-0.17,0.38
2023-05-25,218.59,217.83,221.42,216.23,137533,3096261721.0,2.37,-0.53,-1.16,0.35
2023-05-26,217.94,213.74,218.24,211.24,182117,4001016009.0,3.21,-1.88,-4.09,0.47
2023-05-29,215.94,210.8,215.96,209.34,165372,3599743503.0,3.1,-1.38,-2.94,0.43
2023-05-30,210.74,218.73,218.73,209.75,264671,5890767209.0,4.26,3.76,7.93,0.68
2023-05-31,218.79,214.91,220.63,213.9,188697,4194067555.0,3.08,-1.75,-3.82,0.49
2023-06-01,216.38,216.64,221.74,215.25,159410,3583431678.0,3.02,0.8,1.73,0.41
2023-06-02,218.64,222.18,223.73,217.74,231815,5283702827.0,2.76,2.56,5.54,0.6
2023-06-05,219.64,213.54,219.64,210.13,335951,7357059963.0,4.28,-3.89,-8.64,0.87
2023-06-06,211.75,213.02,216.04,210.72,172425,3782524816.0,2.49,-0.24,-0.52,0.44
2023-06-07,210.12,201.04,210.24,198.19,500939,10438080444.0,5.66,-5.62,-11.98,1.29
2023-06-08,206.49,201.75,207.04,200.74,238579,5007821210.0,3.13,0.35,0.71,0.61
2023-06-09,202.29,205.78,206.87,202.29,242617,5126984497.0,2.27,2.0,4.03,0.62
2023-06-12,205.69,205.69,207.74,202.64,181316,3835654848.0,2.48,-0.04,-0.09,0.47
2023-06-13,204.75,206.84,207.67,204.42,132437,2813381281.0,1.58,0.56,1.15,0.34
2023-06-14,210.89,207.14,211.37,206.74,163629,3508630636.0,2.24,0.15,0.3,0.42
2023-06-15,208.73,224.62,224.62,208.63,504957,11301760757.0,7.72,8.44,17.48,1.3
2023-06-16,225.74,224.84,227.91,222.04,296398,6849470339.0,2.61,0.1,0.22,0.76
2023-06-19,226.73,221.62,226.73,219.74,187071,4271126762.0,3.11,-1.43,-3.22,0.48
2023-06-20,221.61,221.74,225.05,219.51,179605,4094614886.0,2.5,0.05,0.12,0.46
2023-06-21,222.55,218.65,224.24,218.64,171184,3897370633.0,2.53,-1.39,-3.09,0.44
2023-06-26,213.65,218.91,220.69,213.42,159106,3564403987.0,3.32,0.12,0.26,0.41
2023-06-27,217.72,217.21,220.04,214.92,134206,2996519806.0,2.34,-0.78,-1.7,0.35
2023-06-28,215.96,218.24,220.24,215.74,135586,3044798943.0,2.07,0.47,1.03,0.35
2023-06-29,217.25,216.24,220.65,216.24,99302,2228285745.0,2.02,-0.92,-2.0,0.26
2023-06-30,217.73,222.53,223.73,214.09,215515,4901528280.0,4.46,2.91,6.29,0.56
2023-07-03,225.69,223.62,227.69,222.29,155544,3592766609.0,2.43,0.49,1.09,0.4
2023-07-04,222.24,222.99,223.79,221.42,101557,2322971861.0,1.06,-0.28,-0.63,0.26
2023-07-05,223.0,221.25,224.15,219.24,86364,1968738616.0,2.2,-0.78,-1.74,0.22
2023-07-06,220.74,218.59,222.22,217.71,102836,2323630148.0,2.04,-1.2,-2.66,0.26
2023-07-07,218.54,215.99,218.59,215.34,98084,2186457550.0,1.49,-1.19,-2.6,0.25
2023-07-10,216.74,222.54,223.74,216.74,160938,3674535624.0,3.24,3.03,6.55,0.41
2023-07-11,223.39,222.83,223.73,220.32,91588,2094183189.0,1.53,0.13,0.29,0.24
2023-07-12,222.24,220.73,223.14,220.24,86933,1976029055.0,1.3,-0.94,-2.1,0.22
2023-07-13,221.95,223.74,228.74,221.95,222577,5166809845.0,3.08,1.36,3.01,0.57
2023-07-14,223.89,222.02,224.67,220.29,130041,2971007805.0,1.96,-0.77,-1.72,0.33
2023-07-17,220.75,219.39,221.74,217.34,104525,2354412853.0,1.98,-1.18,-2.63,0.27
2023-07-18,221.54,219.24,221.62,218.24,85758,1934097473.0,1.54,-0.07,-0.15,0.22
2023-07-19,217.74,213.24,218.69,212.32,176002,3880774172.0,2.91,-2.74,-6.0,0.45
2023-07-20,212.74,214.79,220.43,212.74,144416,3226693428.0,3.61,0.73,1.55,0.37
2023-07-21,214.59,215.33,216.72,213.5,83935,1858027959.0,1.5,0.25,0.54,0.22
2023-07-24,210.89,212.72,214.62,207.88,137193,2990356786.0,3.13,-1.21,-2.61,0.35
2023-07-25,218.64,220.09,221.38,214.76,192862,4336672443.0,3.11,3.46,7.37,0.5
2023-07-26,218.86,220.4,220.74,217.4,154568,3484702635.0,1.52,0.14,0.31,0.4
2023-07-27,224.74,220.72,226.62,220.62,208592,4786800627.0,2.72,0.15,0.32,0.54
2023-07-28,220.72,223.79,224.74,218.79,188031,4304001295.0,2.7,1.39,3.07,0.48
2023-07-31,227.74,231.49,233.24,226.84,299028,7103701374.0,2.86,3.44,7.7,0.77
2023-08-01,231.14,229.24,232.84,228.24,156152,3695389756.0,1.99,-0.97,-2.25,0.4
2023-08-02,230.74,230.24,233.23,229.24,141472,3350493844.0,1.74,0.44,1.0,0.36
2023-08-03,229.74,232.88,233.71,229.27,161805,3859823088.0,1.93,1.15,2.64,0.42
2023-08-04,238.74,239.25,243.7,234.85,315697,7737835221.0,3.8,2.74,6.37,0.81
2023-08-07,238.24,240.23,240.68,237.05,149277,3665507786.0,1.52,0.41,0.98,0.38
2023-08-08,239.72,240.88,243.07,238.62,150667,3733050028.0,1.85,0.27,0.65,0.39
2023-08-09,239.24,240.74,241.42,236.88,116847,2873152335.0,1.88,-0.06,-0.14,0.3
2023-08-10,241.64,240.24,245.07,237.86,140410,3469375410.0,2.99,-0.21,-0.5,0.36
2023-08-11,242.69,235.24,242.69,235.24,172041,4212036439.0,3.1,-2.08,-5.0,0.44
2023-08-14,232.94,226.64,233.72,223.95,256932,6000203547.0,4.15,-3.66,-8.6,0.66
2023-08-15,226.62,225.04,228.34,223.14,146101,3378905588.0,2.29,-0.71,-1.6,0.38
2023-08-16,225.26,226.34,228.12,223.85,140090,3263663519.0,1.9,0.58,1.3,0.36
2023-08-17,228.73,228.99,230.24,222.62,204428,4767790092.0,3.37,1.17,2.65,0.53
2023-08-18,229.03,229.61,232.86,228.16,167700,3977909566.0,2.05,0.27,0.62,0.43
2023-08-21,227.73,226.7,229.61,225.94,107804,2524111214.0,1.6,-1.27,-2.91,0.28
2023-08-22,228.54,224.49,228.92,221.25,151889,3507619500.0,3.38,-0.97,-2.21,0.39
2023-08-23,224.44,221.24,225.64,220.74,118749,2721026997.0,2.18,-1.45,-3.25,0.31
2023-08-24,222.62,222.69,225.28,220.24,141577,3254958699.0,2.28,0.66,1.45,0.36
2023-08-25,221.67,222.08,223.71,219.55,111851,2549494197.0,1.87,-0.27,-0.61,0.29
2023-08-28,235.24,224.24,237.7,223.24,223115,5230083379.0,6.51,0.97,2.16,0.57
2023-08-29,224.94,232.24,236.74,224.66,291750,6966379985.0,5.39,3.57,8.0,0.75
2023-08-30,233.14,231.24,235.74,231.24,145916,3492477897.0,1.94,-0.43,-1.0,0.38
2023-08-31,230.84,230.29,232.24,229.87,96715,2294576162.0,1.02,-0.41,-0.95,0.25
2023-09-01,230.34,230.14,233.25,228.34,91011,2157778480.0,2.13,-0.07,-0.15,0.23
2023-09-04,231.95,231.39,232.5,227.14,140524,3327817522.0,2.33,0.54,1.25,0.36
2023-09-05,230.74,230.56,233.24,229.9,115817,2752197345.0,1.44,-0.36,-0.83,0.3
2023-09-06,229.79,228.16,230.91,226.54,124748,2921536581.0,1.9,-1.04,-2.4,0.32
2023-09-07,226.74,220.25,227.49,220.25,192661,4405103044.0,3.17,-3.47,-7.91,0.5
2023-09-08,218.74,216.68,220.94,214.24,164994,3670618814.0,3.04,-1.62,-3.57,0.42
2023-09-11,216.64,215.27,217.29,213.42,170609,3774798958.0,1.79,-0.65,-1.41,0.44
2023-09-12,215.74,211.67,216.15,211.28,182312,3994776422.0,2.26,-1.67,-3.6,0.47
2023-09-13,210.74,210.34,212.89,208.77,151357,3278699755.0,1.95,-0.63,-1.33,0.39
2023-09-14,207.42,208.67,210.04,206.77,182941,3919045406.0,1.55,-0.79,-1.67,0.47
2023-09-15,205.74,201.5,207.74,200.34,336800,7033151411.0,3.55,-3.44,-7.17,0.87
2023-09-18,199.74,206.8,208.43,199.74,265935,5645065103.0,4.31,2.63,5.3,0.68
2023-09-19,206.8,206.06,207.22,204.34,150244,3183848137.0,1.39,-0.36,-0.74,0.39
2023-09-20,206.74,203.64,207.07,202.42,130875,2750166643.0,2.26,-1.17,-2.42,0.34
2023-09-21,203.75,200.47,204.69,200.41,162149,3368171869.0,2.1,-1.56,-3.17,0.42
2023-09-22,199.24,204.67,205.19,199.24,225091,4696859644.0,2.97,2.1,4.2,0.58
2023-09-25,206.76,203.02,207.36,202.45,136054,2864421900.0,2.4,-0.81,-1.65,0.35
2023-09-26,200.41,198.24,201.09,197.24,202538,4150919714.0,1.9,-2.35,-4.78,0.52
2023-09-27,200.04,197.4,202.23,196.19,218490,4470658972.0,3.05,-0.42,-0.84,0.56
2023-09-28,197.74,196.77,200.24,196.32,158095,3223265861.0,1.99,-0.32,-0.63,0.41
2023-10-09,194.74,189.24,195.02,186.74,337428,6617775154.0,4.21,-3.83,-7.53,0.87
2023-10-10,191.62,188.46,191.74,188.46,198655,3895932691.0,1.73,-0.41,-0.78,0.51
2023-10-11,191.61,188.51,192.34,187.84,202482,3964353022.0,2.39,0.03,0.05,0.52
2023-10-12,188.75,189.68,191.54,187.74,242059,4744179131.0,2.02,0.62,1.17,0.62
2023-10-13,187.59,184.34,188.57,183.34,284222,5429864563.0,2.76,-2.82,-5.34,0.73
2023-10-16,184.08,178.5,184.27,177.65,246836,4603170882.0,3.59,-3.17,-5.84,0.63
2023-10-17,179.25,179.18,183.04,178.31,215583,4027297387.0,2.65,0.38,0.68,0.55
2023-10-18,178.84,180.04,181.99,177.34,176519,3284047971.0,2.6,0.48,0.86,0.45
2023-10-19,178.15,176.44,179.42,176.02,174542,3209465700.0,1.89,-2.0,-3.6,0.45
2023-10-20,172.74,174.74,181.43,172.74,300269,5478351217.0,4.93,-0.96,-1.7,0.77
2023-10-23,174.04,171.0,174.04,169.54,202233,3597554198.0,2.58,-2.14,-3.74,0.52
2023-10-24,171.74,170.16,172.94,169.04,243795,4310104361.0,2.28,-0.49,-0.84,0.63
2023-10-25,171.94,169.72,173.24,169.42,215342,3818928277.0,2.24,-0.26,-0.44,0.55
2023-10-26,167.74,171.81,172.04,162.55,414206,7175542946.0,5.59,1.23,2.09,1.06
2023-10-27,171.59,178.46,179.62,169.76,477953,8729936697.0,5.74,3.87,6.65,1.23
2023-10-30,180.74,181.76,183.62,178.54,322595,6050993028.0,2.85,1.85,3.3,0.83
2023-10-31,180.42,179.34,180.96,178.34,181525,3369355372.0,1.44,-1.33,-2.42,0.47
2023-11-01,179.53,181.28,184.04,178.24,197273,3695120175.0,3.23,1.08,1.94,0.51
2023-11-02,182.24,179.31,183.62,179.31,137627,2577685558.0,2.38,-1.09,-1.97,0.35
2023-11-03,179.74,181.18,182.42,178.34,143655,2683301612.0,2.28,1.04,1.87,0.37
2023-11-06,182.31,190.82,190.84,182.19,349684,6798069246.0,4.77,5.32,9.64,0.9
2023-11-07,189.73,184.98,189.85,183.86,260803,5008846046.0,3.14,-3.06,-5.84,0.67
2023-11-08,183.92,185.58,186.68,183.74,146522,2809047604.0,1.59,0.32,0.6,0.38
2023-11-09,184.37,185.19,186.32,184.27,109971,2104229338.0,1.1,-0.21,-0.39,0.28
2023-11-10,182.74,182.77,183.71,181.79,116100,2189830819.0,1.04,-1.31,-2.42,0.3
2023-11-13,185.74,181.59,185.94,180.76,125196,2362258976.0,2.83,-0.65,-1.18,0.32
2023-11-14,181.59,177.42,182.54,176.74,234883,4346598777.0,3.19,-2.3,-4.17,0.6
2023-11-15,180.63,178.22,182.33,177.32,238072,4423251194.0,2.82,0.45,0.8,0.61
2023-11-16,179.22,174.89,179.23,173.84,174662,3180032494.0,3.02,-1.87,-3.33,0.45
2023-11-17,173.59,174.47,174.99,173.23,110840,2000359414.0,1.01,-0.24,-0.42,0.28
2023-11-20,174.48,174.04,175.54,172.75,124087,2235037632.0,1.6,-0.25,-0.43,0.32
2023-11-21,175.74,174.35,177.74,173.75,197662,3601130909.0,2.29,0.18,0.31,0.51
2023-11-22,173.29,170.74,175.04,170.74,186886,3332638164.0,2.47,-2.07,-3.61,0.48
2023-11-23,169.75,171.44,171.44,168.63,157203,2771265524.0,1.65,0.41,0.7,0.4
2023-11-24,170.77,168.74,171.94,168.24,166212,2918741661.0,2.16,-1.57,-2.7,0.43
2023-11-27,168.03,164.44,168.24,164.34,184220,3161041987.0,2.31,-2.55,-4.3,0.47
2023-11-28,163.77,165.66,165.71,162.61,202107,3443539749.0,1.89,0.74,1.22,0.52
2023-11-29,164.74,160.59,165.12,160.11,251885,4235346582.0,3.02,-3.06,-5.07,0.65
2023-11-30,158.96,160.74,162.4,158.23,230272,3834512348.0,2.6,0.09,0.15,0.59
2023-12-01,161.03,159.24,161.44,158.17,169622,2816101715.0,2.03,-0.93,-1.5,0.44
2023-12-04,157.24,155.39,158.18,154.98,239304,3892529224.0,2.01,-2.42,-3.85,0.61
2023-12-05,153.89,152.55,156.11,152.39,248077,3978910664.0,2.39,-1.83,-2.84,0.64
2023-12-06,152.39,156.62,160.6,151.96,367693,6024339619.0,5.66,2.67,4.07,0.94
2023-12-07,155.74,158.23,160.1,155.34,269084,4410841808.0,3.04,1.03,1.61,0.69
2023-12-08,158.74,157.33,160.07,156.86,245020,4030383346.0,2.03,-0.57,-0.9,0.63
2023-12-11,155.75,159.09,159.43,153.9,214896,3497265739.0,3.51,1.12,1.76,0.55
2023-12-12,157.74,157.37,158.96,156.72,147339,2415527908.0,1.41,-1.08,-1.72,0.38
2023-12-13,156.29,153.09,157.33,152.45,252594,4045085653.0,3.1,-2.72,-4.28,0.65
2023-12-14,154.62,150.37,155.23,150.18,227514,3596263195.0,3.3,-1.78,-2.72,0.58
2023-12-15,150.94,148.74,152.42,148.34,202046,3158101585.0,2.71,-1.08,-1.63,0.52
2023-12-18,146.85,140.71,147.43,140.02,429129,6398809829.0,4.98,-5.4,-8.03,1.1
2023-12-19,140.05,142.74,143.72,140.01,251852,3734066912.0,2.64,1.44,2.03,0.65
2023-12-20,142.94,142.19,144.94,142.06,212494,3174602188.0,2.02,-0.39,-0.55,0.55
2023-12-21,141.31,148.13,149.07,141.31,421315,6433383992.0,5.46,4.18,5.94,1.08
2023-12-22,147.24,150.03,152.15,145.94,280321,4359921761.0,4.19,1.28,1.9,0.72
2023-12-25,149.24,151.28,151.62,148.54,130056,2036117775.0,2.05,0.83,1.25,0.33
2023-12-26,150.71,149.87,151.24,148.48,127673,1994477782.0,1.82,-0.93,-1.41,0.33
2023-12-27,151.27,148.07,151.74,147.61,173565,2686313989.0,2.76,-1.2,-1.8,0.45
2023-12-28,147.96,156.73,156.9,147.31,378502,6079407754.0,6.48,5.85,8.66,0.97
2023-12-29,157.72,157.0,158.74,155.74,226838,3707101874.0,1.91,0.17,0.27,0.58
2024-01-02,155.96,150.57,156.27,150.36,214033,3390080350.0,3.76,-4.1,-6.43,0.55
2024-01-03,149.84,149.54,151.02,148.14,197576,3070016674.0,1.91,-0.68,-1.03,0.51
2024-01-04,149.24,144.94,149.46,143.51,272418,4114835334.0,3.98,-3.08,-4.6,0.7
2024-01-05,144.73,144.64,148.47,143.23,210353,3195235676.0,3.62,-0.21,-0.3,0.54
2024-01-08,143.94,143.74,147.13,142.82,193854,2926528361.0,2.98,-0.62,-0.9,0.5
2024-01-09,143.7,142.44,145.11,139.49,233916,3473507460.0,3.91,-0.9,-1.3,0.6
2024-01-10,140.68,144.4,146.85,140.29,232120,3500326619.0,4.61,1.38,1.96,0.6
2024-01-11,144.4,148.56,151.51,142.25,328018,5037065544.0,6.41,2.88,4.16,0.84
2024-01-12,147.74,148.37,151.07,145.94,254622,3943737150.0,3.45,-0.13,-0.19,0.65
2024-01-15,147.24,145.44,147.44,143.09,172722,2618158007.0,2.93,-1.97,-2.93,0.44
2024-01-16,145.4,150.69,150.99,144.3,284693,4421625828.0,4.6,3.61,5.25,0.73
2024-01-17,150.6,145.98,150.6,145.49,217615,3343384131.0,3.39,-3.13,-4.71,0.56
2024-01-18,143.84,148.35,148.94,143.75,307788,4688436698.0,3.56,1.62,2.37,0.79
2024-01-19,147.54,148.64,151.63,147.14,265949,4136034233.0,3.03,0.2,0.29,0.68
2024-01-22,147.24,149.4,153.69,144.39,404888,6323471152.0,6.26,0.51,0.76,1.04
2024-01-23,148.74,147.65,152.54,146.93,323059,5033058276.0,3.76,-1.17,-1.75,0.83
2024-01-24,148.24,147.22,148.73,143.25,248710,3776131708.0,3.71,-0.29,-0.43,0.64
2024-01-25,145.74,148.74,148.84,143.45,294796,4503492567.0,3.66,1.03,1.52,0.76
2024-01-26,146.24,143.74,148.22,143.74,271813,4118576147.0,3.01,-3.36,-5.0,0.7
2024-01-29,143.18,140.76,144.52,140.76,217675,3235910042.0,2.62,-2.07,-2.98,0.56
2024-01-30,139.24,134.49,141.18,134.14,327274,4680164654.0,5.0,-4.45,-6.27,0.84
2024-01-31,138.74,145.33,146.7,137.74,595221,8943013792.0,6.66,8.06,10.84,1.53
2024-02-01,145.32,142.76,146.26,142.32,279688,4197978843.0,2.71,-1.77,-2.57,0.72
2024-02-02,141.74,139.74,142.74,137.11,307060,4494266567.0,3.94,-2.12,-3.02,0.79
2024-02-05,136.35,145.68,148.24,136.04,471326,7035622773.0,8.73,4.25,5.94,1.21
2024-02-06,144.93,152.07,153.0,144.56,437459,6828296924.0,5.79,4.39,6.39,1.12
2024-02-07,151.74,153.34,153.53,149.74,366070,5800699416.0,2.49,0.84,1.27,0.94
2024-02-08,153.24,156.58,158.74,152.62,309012,5016344779.0,3.99,2.11,3.24,0.79
2024-02-19,158.7,153.83,158.7,152.83,270925,4355156562.0,3.75,-1.76,-2.75,0.7
2024-02-20,155.62,152.07,155.62,149.81,221948,3506366283.0,3.78,-1.14,-1.76,0.57
2024-02-21,151.12,154.94,157.04,150.08,257827,4135575623.0,4.58,1.89,2.87,0.66
2024-02-22,155.07,154.09,155.07,152.62,209559,3349275886.0,1.58,-0.55,-0.85,0.54
2024-02-23,155.71,154.24,155.74,152.8,210176,3368773226.0,1.91,0.1,0.15,0.54
2024-02-26,152.97,149.74,153.73,148.44,360664,5638931754.0,3.43,-2.92,-4.5,0.93
2024-02-27,148.82,151.57,151.59,148.28,290401,4531078101.0,2.21,1.22,1.83,0.75
2024-02-28,151.92,150.75,157.04,150.75,400917,6423464926.0,4.15,-0.54,-0.82,1.03
2024-02-29,149.84,157.25,157.51,149.4,391675,6315294345.0,5.38,4.31,6.5,1.01
2024-03-01,157.27,158.29,159.3,156.14,281013,4610970231.0,2.01,0.66,1.04,0.72
2024-03-04,158.74,157.64,161.6,156.51,268086,4424835389.0,3.22,-0.41,-0.65,0.69
2024-03-05,155.84,158.39,158.94,153.74,275496,4478109343.0,3.3,0.48,0.75,0.71
2024-03-06,156.32,157.38,160.64,155.44,187180,3067856204.0,3.28,-0.64,-1.01,0.48
2024-03-07,156.74,153.89,157.91,153.22,221450,3568786297.0,2.98,-2.22,-3.49,0.57
2024-03-08,152.87,151.74,154.54,150.39,202170,3194520067.0,2.7,-1.4,-2.15,0.52
2024-03-11,158.74,174.59,175.39,157.84,763350,13248182793.0,11.57,15.06,22.85,1.96
2024-03-12,177.08,179.58,180.17,173.74,621649,11428112945.0,3.68,2.86,4.99,1.6
2024-03-13,180.74,178.92,181.43,177.04,347958,6444102061.0,2.44,-0.37,-0.66,0.89
2024-03-14,178.63,177.55,181.7,176.7,305356,5642924971.0,2.79,-0.77,-1.37,0.78
2024-03-15,177.37,174.74,177.64,170.59,354836,6371462215.0,3.97,-1.58,-2.81,0.91
2024-03-18,183.78,184.7,187.5,182.69,483052,9229188790.0,2.75,5.7,9.96,1.24
2024-03-19,184.23,180.99,186.04,180.34,269576,5099068938.0,3.09,-2.01,-3.71,0.69
2024-03-20,179.25,183.22,184.98,179.25,210316,3987105281.0,3.17,1.23,2.23,0.54
2024-03-21,183.25,182.82,185.62,182.82,187567,3571619013.0,1.53,-0.22,-0.4,0.48
2024-03-22,182.83,180.25,183.65,178.73,191034,3563063417.0,2.69,-1.41,-2.57,0.49
2024-03-25,179.31,178.54,181.94,178.22,164134,3046334226.0,2.06,-0.95,-1.71,0.42
2024-03-26,179.44,185.54,186.87,179.43,302473,5746016495.0,4.17,3.92,7.0,0.78
2024-03-27,185.48,181.74,185.49,181.74,206457,3910050276.0,2.02,-2.05,-3.8,0.53
2024-03-28,181.81,182.52,185.44,180.34,200367,3792149244.0,2.81,0.43,0.78,0.51
2024-03-29,184.04,183.9,188.74,183.12,164648,3154024728.0,3.08,0.76,1.38,0.42
2024-04-01,187.74,191.58,193.57,187.14,275132,5438688735.0,3.5,4.18,7.68,0.71
2024-04-02,191.84,193.44,195.31,190.24,240381,4793028386.0,2.65,0.97,1.86,0.62
2024-04-03,192.68,191.39,192.69,188.34,234890,4635543375.0,2.25,-1.06,-2.05,0.6
2024-04-08,191.39,188.34,193.64,188.34,189576,3729974586.0,2.77,-1.59,-3.05,0.49
2024-04-09,187.74,189.74,190.24,187.45,145700,2845224466.0,1.48,0.74,1.4,0.37
2024-04-10,187.85,186.48,188.74,185.27,179615,3459617610.0,1.83,-1.72,-3.26,0.46
2024-04-11,184.55,186.34,188.04,180.74,192954,3681659227.0,3.91,-0.08,-0.14,0.5
2024-04-12,184.74,182.13,185.72,181.75,166256,3153751598.0,2.13,-2.26,-4.21,0.43
2024-04-15,187.59,190.88,190.88,185.6,305483,5978911501.0,2.9,4.8,8.75,0.78
2024-04-16,192.74,190.89,193.04,188.66,276231,5450235800.0,2.29,0.01,0.01,0.71
2024-04-17,189.09,189.73,190.67,186.76,216192,4211033978.0,2.05,-0.61,-1.16,0.56
2024-04-18,187.71,189.3,191.19,185.13,195396,3808772286.0,3.19,-0.23,-0.43,0.5
2024-04-19,186.8,184.54,188.2,183.25,184915,3533488436.0,2.61,-2.51,-4.76,0.47
2024-04-22,186.54,184.34,188.63,184.31,150987,2903026005.0,2.34,-0.11,-0.2,0.39
2024-04-23,184.87,183.67,186.24,181.62,111138,2113386949.0,2.51,-0.36,-0.67,0.29
2024-04-24,185.74,183.34,186.14,180.14,151543,2865374635.0,3.27,-0.18,-0.33,0.39
2024-04-25,182.31,186.94,188.09,181.63,164183,3150746112.0,3.52,1.96,3.6,0.42
2024-04-26,185.75,192.22,192.62,185.75,224881,4413524312.0,3.67,2.82,5.28,0.58
2024-04-29,194.31,203.37,207.24,193.74,438630,9119637969.0,7.02,5.8,11.15,1.13
2024-04-30,204.53,201.37,204.53,200.77,214330,4377316692.0,1.85,-0.98,-2.0,0.55
2024-05-06,209.77,205.75,210.47,204.8,270999,5634660009.0,2.82,2.18,4.38,0.7
2024-05-07,204.95,205.65,206.65,203.92,131799,2722386147.0,1.33,-0.05,-0.1,0.34
2024-05-08,205.77,202.0,206.57,201.88,124330,2544539625.0,2.28,-1.77,-3.65,0.32
2024-05-09,205.04,208.17,209.28,204.97,219216,4575999960.0,2.13,3.05,6.17,0.56
2024-05-10,208.17,202.27,208.17,201.77,228011,4675581900.0,3.07,-2.83,-5.9,0.59
2024-05-13,195.07,198.12,200.54,194.28,221967,4425713327.0,3.09,-2.05,-4.15,0.57
2024-05-14,199.37,197.78,199.97,196.89,106947,2131826963.0,1.55,-0.17,-0.34,0.27
2024-05-15,197.78,196.66,202.1,196.27,130741,2607766831.0,2.95,-0.57,-1.12,0.34
2024-05-16,197.57,198.44,200.41,195.75,153782,3065019508.0,2.37,0.91,1.78,0.39
2024-05-17,198.47,201.77,201.77,197.35,184962,3727316446.0,2.23,1.68,3.33,0.47
2024-05-20,205.97,202.22,206.65,201.78,199172,4083626152.0,2.41,0.22,0.45,0.51
2024-05-21,202.44,200.33,203.35,199.33,122964,2480343309.0,1.99,-0.93,-1.89,0.32
2024-05-22,201.27,203.66,205.77,200.37,252366,5153120079.0,2.7,1.66,3.33,0.65
2024-05-23,202.97,203.11,204.42,201.9,176548,3602986569.0,1.24,-0.27,-0.55,0.45
2024-05-24,201.57,199.75,203.63,199.56,155107,3136303496.0,2.0,-1.65,-3.36,0.4
2024-05-27,200.57,198.78,200.57,197.27,163618,3261446783.0,1.65,-0.49,-0.97,0.42
2024-05-28,198.23,196.57,199.35,196.37,126900,2517505166.0,1.5,-1.11,-2.21,0.33
2024-05-29,196.78,197.56,201.27,196.57,133388,2663801635.0,2.39,0.5,0.99,0.34
2024-05-30,197.82,198.12,199.65,196.43,127840,2548445865.0,1.63,0.28,0.56,0.33
2024-05-31,198.12,196.53,201.02,196.53,138086,2760668470.0,2.27,-0.8,-1.59,0.35
2024-06-03,196.53,201.27,202.37,194.57,187181,3757638839.0,3.97,2.41,4.74,0.48
2024-06-04,200.76,204.74,206.01,199.77,177149,3639805938.0,3.1,1.72,3.47,0.45
2024-06-05,204.47,202.89,206.62,202.78,117774,2420867501.0,1.88,-0.9,-1.85,0.3
2024-06-06,202.75,203.56,205.65,200.97,124126,2544442658.0,2.31,0.33,0.67,0.32
2024-06-07,197.63,191.97,201.22,186.36,516868,10008885040.0,7.3,-5.69,-11.59,1.33
2024-06-11,187.77,187.54,190.77,183.38,420724,7876263876.0,3.85,-2.31,-4.43,1.08
2024-06-12,184.77,184.37,188.53,184.25,203104,3788449182.0,2.28,-1.69,-3.17,0.52
2024-06-13,185.77,183.95,188.78,183.89,221176,4134985666.0,2.65,-0.23,-0.42,0.57
2024-06-14,184.87,183.66,185.35,177.35,371849,6764196086.0,4.35,-0.16,-0.29,0.95
2024-06-17,181.32,186.97,189.27,181.08,269293,5044213365.0,4.46,1.8,3.31,0.69
2024-06-18,186.92,189.1,189.24,185.79,156529,2959271843.0,1.85,1.14,2.13,0.4
2024-06-19,189.37,187.78,189.47,186.45,107540,2030697600.0,1.6,-0.7,-1.32,0.28
2024-06-20,188.76,186.76,188.88,185.87,115624,2172637229.0,1.6,-0.54,-1.02,0.3
2024-06-21,187.08,183.93,187.73,181.14,184677,3416688219.0,3.53,-1.52,-2.83,0.47
2024-06-24,181.77,185.75,186.76,181.77,180355,3363422625.0,2.71,0.99,1.82,0.46
2024-06-25,185.77,185.09,187.97,184.37,144144,2696969882.0,1.94,-0.36,-0.66,0.37
2024-06-26,183.89,184.28,185.4,181.97,104814,1940490559.0,1.85,-0.44,-0.81,0.27
2024-06-27,184.28,183.77,184.65,181.78,126536,2330478210.0,1.56,-0.28,-0.51,0.32
2024-06-28,182.57,178.8,184.25,178.61,194205,3539244333.0,3.07,-2.7,-4.97,0.5
2024-07-01,177.96,174.84,178.05,169.94,269957,4709620520.0,4.54,-2.21,-3.96,0.69
2024-07-02,172.62,174.85,175.73,170.88,144156,2529552189.0,2.77,0.01,0.01,0.37
2024-07-03,175.77,178.27,181.27,175.08,162053,2906473773.0,3.54,1.96,3.42,0.42
2024-07-04,179.16,178.37,181.76,177.97,118346,2137596470.0,2.13,0.06,0.1,0.3
2024-07-05,179.77,176.39,181.26,175.27,135247,2414693953.0,3.36,-1.11,-1.98,0.35
2024-07-08,174.78,174.68,177.14,173.78,108064,1907514420.0,1.9,-0.97,-1.71,0.28
2024-07-09,174.07,174.54,176.07,171.86,164439,2876833389.0,2.41,-0.08,-0.14,0.42
2024-07-10,173.78,171.82,178.86,171.82,177729,3123226777.0,4.03,-1.56,-2.72,0.46
2024-07-11,173.77,175.78,177.75,172.26,208111,3678618339.0,3.2,2.3,3.96,0.53
2024-07-12,176.62,178.57,180.54,175.77,195505,3523525353.0,2.71,1.59,2.79,0.5
2024-07-15,177.07,176.89,178.72,175.88,114697,2041627402.0,1.59,-0.94,-1.68,0.29
2024-07-16,176.27,178.07,179.27,176.07,151487,2710034963.0,1.81,0.67,1.18,0.39
2024-07-17,176.77,179.66,181.43,174.71,185901,3346445646.0,3.77,0.89,1.59,0.48
2024-07-18,178.77,187.12,187.87,178.45,319944,5957621426.0,5.24,4.15,7.46,0.82
2024-07-19,185.12,188.21,188.86,184.97,208476,3929663334.0,2.08,0.58,1.09,0.54
2024-07-22,189.96,188.29,192.95,186.17,171683,3259890052.0,3.6,0.04,0.08,0.44
2024-07-23,187.78,184.97,188.47,184.97,119031,2233862306.0,1.86,-1.76,-3.32,0.31
2024-07-24,184.77,185.09,187.86,184.16,144681,2708577542.0,2.0,0.06,0.12,0.37
2024-07-25,184.89,186.5,189.5,183.83,205959,3863507112.0,3.06,0.76,1.41,0.53
2024-07-26,188.77,188.12,192.07,186.82,233477,4436931314.0,2.82,0.87,1.62,0.6
2024-07-29,185.77,183.3,185.77,178.77,213624,3918833597.0,3.72,-2.56,-4.82,0.55
2024-07-30,181.99,183.66,184.1,181.99,127252,2349179517.0,1.15,0.2,0.36,0.33
2024-07-31,180.77,185.08,185.65,180.77,198969,3690880179.0,2.66,0.77,1.42,0.51
2024-08-01,183.77,179.07,184.77,178.87,230127,4180640117.0,3.19,-3.25,-6.01,0.59
2024-08-02,177.77,175.86,178.77,175.51,154937,2753866402.0,1.82,-1.79,-3.21,0.4
2024-08-05,173.78,175.77,178.96,173.77,193477,3451887572.0,2.95,-0.05,-0.09,0.5
2024-08-06,177.18,173.72,178.16,172.48,157687,2771240102.0,3.23,-1.17,-2.05,0.4
2024-08-07,173.72,172.44,175.0,172.44,127540,2230380711.0,1.47,-0.74,-1.28,0.33
2024-08-08,171.78,171.17,172.37,168.89,146590,2520197340.0,2.02,-0.74,-1.27,0.38
2024-08-09,172.37,168.77,173.64,168.77,154130,2646422840.0,2.85,-1.4,-2.4,0.4
2024-08-12,169.34,167.77,169.89,165.57,174156,2934605437.0,2.56,-0.59,-1.0,0.45
2024-08-13,167.66,172.55,173.73,167.15,193893,3336604796.0,3.92,2.85,4.78,0.5
2024-08-14,171.76,170.98,173.22,170.49,99663,1720375362.0,1.58,-0.91,-1.57,0.26
2024-08-15,170.77,172.17,173.37,170.06,144812,2511442939.0,1.94,0.7,1.19,0.37
2024-08-16,172.17,172.39,174.77,171.65,111506,1941327488.0,1.81,0.13,0.22,0.29
2024-08-19,172.12,174.37,176.71,171.92,140358,2473581500.0,2.78,1.15,1.98,0.36
2024-08-20,173.77,173.64,174.77,172.43,84370,1475662465.0,1.34,-0.42,-0.73,0.22
2024-08-21,172.77,172.78,174.18,170.77,111474,1940113037.0,1.96,-0.5,-0.86,0.29
2024-08-22,173.75,177.57,178.74,173.07,199011,3536569763.0,3.28,2.77,4.79,0.51
2024-08-23,175.77,180.57,181.29,175.77,184152,3332172741.0,3.11,1.69,3.0,0.47
2024-08-26,180.67,182.69,183.33,179.77,148387,2717728514.0,1.97,1.17,2.12,0.38
2024-08-27,181.29,182.27,183.26,180.27,99770,1827225122.0,1.64,-0.23,-0.42,0.26
2024-08-28,181.57,181.59,182.46,180.05,106390,1940292275.0,1.32,-0.37,-0.68,0.27
2024-08-29,177.94,179.57,181.76,177.94,156702,2839993927.0,2.1,-1.11,-2.02,0.4
2024-08-30,179.57,183.11,184.73,179.57,254292,4689604094.0,2.87,1.97,3.54,0.65
2024-09-02,183.21,179.96,184.36,179.77,129852,2371406001.0,2.51,-1.72,-3.15,0.33
2024-09-03,179.07,184.42,185.47,178.79,181969,3362146073.0,3.71,2.48,4.46,0.47
2024-09-04,184.09,185.92,187.77,183.62,165645,3101382415.0,2.25,0.81,1.5,0.43
2024-09-05,185.92,185.57,188.32,184.57,123182,2302962597.0,2.02,-0.19,-0.35,0.32
2024-09-06,184.89,184.72,187.27,184.17,75255,1404159124.0,1.67,-0.46,-0.85,0.19
2024-09-09,183.88,183.92,187.43,182.24,134754,2494206446.0,2.81,-0.43,-0.8,0.35
2024-09-10,184.27,179.93,184.27,179.82,154244,2809100737.0,2.42,-2.17,-3.99,0.4
2024-09-11,181.17,185.33,186.55,179.93,211971,3938430662.0,3.68,3.0,5.4,0.54
2024-09-12,186.77,188.12,190.93,185.48,207100,3931885572.0,2.94,1.51,2.79,0.53
2024-09-13,187.65,182.27,187.65,182.27,172873,3202147524.0,2.86,-3.11,-5.85,0.44
2024-09-18,182.37,185.17,186.2,182.06,113779,2116044596.0,2.27,1.59,2.9,0.29
2024-09-19,185.77,185.67,186.99,182.37,157694,2940618896.0,2.5,0.27,0.5,0.4
2024-09-20,185.67,184.37,186.67,182.45,155027,2874252971.0,2.27,-0.7,-1.3,0.4
2024-09-23,185.43,186.97,188.2,184.27,157925,2968348168.0,2.13,1.41,2.6,0.41
2024-09-24,190.73,196.29,196.94,187.66,354517,6891613101.0,4.96,4.98,9.32,0.91
2024-09-25,206.16,201.87,206.17,201.36,420101,8606648805.0,2.45,2.84,5.58,1.08
2024-09-26,202.47,204.28,206.1,197.7,354893,7190132217.0,4.16,1.19,2.41,0.91
2024-09-27,210.77,225.58,230.45,210.44,701813,15567947397.0,9.8,10.43,21.3,1.8
2024-09-30,231.79,250.66,253.77,230.77,913611,22246725636.0,10.2,11.12,25.08,2.34
2024-10-08,294.77,297.77,300.27,266.43,1376465,39285155658.0,13.5,18.79,47.11,3.53
2024-10-09,278.67,253.77,278.76,253.77,1086916,29017394644.0,8.39,-14.78,-44.0,2.79
2024-10-10,253.77,256.77,264.76,248.93,608338,15786972610.0,6.24,1.18,3.0,1.56
2024-10-11,254.27,240.56,254.27,236.7,476402,11668275358.0,6.84,-6.31,-16.21,1.22
2024-10-14,248.76,248.49,251.57,243.71,467599,11671765786.0,3.27,3.3,7.93,1.2
2024-10-15,248.58,239.99,249.61,239.9,327653,8057930637.0,3.91,-3.42,-8.5,0.84
2024-10-16,237.59,232.62,237.59,232.1,335860,7918107275.0,2.29,-3.07,-7.37,0.86
2024-10-17,232.77,230.27,237.65,229.63,261647,6135626737.0,3.45,-1.01,-2.35,0.67
2024-10-18,228.77,248.66,257.65,228.37,680138,16734812130.0,12.72,7.99,18.39,1.74
2024-10-21,257.77,252.13,261.3,250.52,584558,14972853360.0,4.34,1.4,3.47,1.5
2024-10-22,252.77,249.32,253.33,246.03,278760,6986426718.0,2.9,-1.11,-2.81,0.71
2024-10-23,246.58,248.07,253.71,245.63,321541,8076690148.0,3.24,-0.5,-1.25,0.82
2024-10-24,248.54,244.93,250.27,243.77,214658,5297733385.0,2.62,-1.27,-3.14,0.55
2024-10-25,251.11,257.65,263.77,245.07,578986,14887536977.0,7.63,5.19,12.72,1.48
2024-10-28,254.9,255.01,257.38,251.77,276019,7053002719.0,2.18,-1.02,-2.64,0.71
2024-10-29,255.01,250.55,256.48,250.01,269948,6853075171.0,2.54,-1.75,-4.46,0.69
2024-10-30,248.77,246.8,251.07,243.27,271344,6734690047.0,3.11,-1.5,-3.75,0.7
2024-10-31,245.76,244.75,249.27,242.77,255003,6286268642.0,2.63,-0.83,-2.05,0.65
2024-11-01,245.3,244.97,248.59,243.95,259158,6418140472.0,1.9,0.09,0.22,0.66
2024-11-04,242.77,249.97,253.07,242.77,242472,6074686403.0,4.2,2.04,5.0,0.62
2024-11-05,249.35,260.16,261.59,247.9,484821,12547431634.0,5.48,4.08,10.19,1.24
2024-11-06,257.76,255.27,268.27,252.27,452393,11840068810.0,6.15,-1.88,-4.89,1.16
2024-11-07,256.77,261.57,261.57,252.65,335710,8698717048.0,3.49,2.47,6.3,0.86
2024-11-08,268.43,256.27,270.77,255.87,402941,10612727375.0,5.7,-2.03,-5.3,1.03
2024-11-11,251.12,266.27,267.76,249.78,491539,12844920271.0,7.02,3.9,10.0,1.26
2024-11-12,277.05,271.79,283.97,269.75,744030,20764206510.0,5.34,2.07,5.52,1.91
2024-11-13,267.77,280.77,286.97,265.54,557737,15410247017.0,7.88,3.3,8.98,1.43
2024-11-14,281.77,273.77,283.76,273.43,426572,11940874423.0,3.68,-2.49,-7.0,1.09
2024-11-15,268.27,264.33,273.77,264.33,351983,9488134617.0,3.45,-3.45,-9.44,0.9
2024-11-18,264.33,261.69,269.72,259.77,306500,8135717135.0,3.76,-1.0,-2.64,0.79
2024-11-19,260.79,267.49,270.77,256.77,348129,9211079120.0,5.35,2.22,5.8,0.89
2024-11-20,265.72,266.32,268.67,263.37,227088,6060616028.0,1.98,-0.44,-1.17,0.58
2024-11-21,264.43,267.03,270.2,262.43,205508,5510533650.0,2.92,0.27,0.71,0.53
2024-11-22,266.7,257.87,267.77,257.65,225551,5937579845.0,3.79,-3.43,-9.16,0.58
2024-11-25,261.83,262.87,265.33,259.95,262391,6923644963.0,2.09,1.94,5.0,0.67
2024-11-26,260.34,255.49,262.74,254.43,273604,7076484876.0,3.16,-2.81,-7.38,0.7
2024-11-27,253.47,258.67,259.67,250.24,274007,7033615361.0,3.69,1.24,3.18,0.7
2024-11-28,257.97,253.47,258.3,252.27,223556,5728197559.0,2.33,-2.01,-5.2,0.57
2024-11-29,250.0,260.01,266.76,250.0,313663,8192074188.0,6.61,2.58,6.54,0.8
2024-12-02,257.41,260.96,262.32,255.98,206475,5387882833.0,2.44,0.37,0.95,0.53
2024-12-03,259.77,260.61,261.76,257.77,173108,4514867561.0,1.53,-0.13,-0.35,0.44
2024-12-04,258.77,257.74,260.77,256.27,161814,4186965339.0,1.73,-1.1,-2.87,0.41
2024-12-05,256.76,254.77,257.72,253.78,160216,4109014221.0,1.53,-1.15,-2.97,0.41
2024-12-06,254.77,265.32,268.67,253.77,330381,8719647873.0,5.85,4.14,10.55,0.85
2024-12-09,265.76,266.82,268.43,263.18,224561,6005103478.0,1.98,0.57,1.5,0.58
2024-12-10,280.05,269.34,280.27,268.1,329044,9035442039.0,4.56,0.94,2.52,0.84
2024-12-11,272.73,265.87,278.27,265.29,194008,5262014871.0,4.82,-1.29,-3.47,0.5
2024-12-12,264.67,272.48,274.15,263.97,223295,6055502392.0,3.83,2.49,6.61,0.57
2024-12-13,268.65,265.8,270.77,264.77,283164,7596460114.0,2.2,-2.45,-6.68,0.73
2024-12-16,264.99,265.97,268.27,262.82,162575,4333963457.0,2.05,0.06,0.17,0.42
2024-12-17,265.77,272.57,276.77,265.31,282146,7746201690.0,4.31,2.48,6.6,0.72
2024-12-18,273.08,270.18,273.5,269.08,150853,4110472402.0,1.62,-0.88,-2.39,0.39
2024-12-19,268.03,268.56,271.12,265.39,153460,4137668599.0,2.12,-0.6,-1.62,0.39
2024-12-20,268.56,261.48,269.57,259.09,277401,7313368050.0,3.9,-2.64,-7.08,0.71
2024-12-23,261.48,262.27,267.65,261.48,206394,5482614221.0,2.36,0.3,0.79,0.53
2024-12-24,261.77,267.0,267.02,261.77,196154,5229920631.0,2.0,1.8,4.73,0.5
2024-12-25,267.68,266.74,269.68,265.03,114138,3058526680.0,1.74,-0.1,-0.26,0.29
2024-12-26,265.97,260.02,265.97,259.77,224438,5898437344.0,2.32,-2.52,-6.72,0.58
2024-12-27,259.34,260.77,262.19,253.77,243519,6338085456.0,3.24,0.29,0.75,0.62
2024-12-30,259.65,265.35,266.27,259.28,226314,6013633016.0,2.68,1.76,4.58,0.58
2024-12-31,263.86,264.77,269.27,263.86,249340,6694555730.0,2.04,-0.22,-0.58,0.64
2025-01-02,265.02,257.55,265.07,255.77,233546,6090661831.0,3.51,-2.73,-7.22,0.6
2025-01-03,257.55,256.4,261.77,255.98,185238,4812148522.0,2.25,-0.45,-1.15,0.47
2025-01-06,256.77,255.52,258.77,251.77,172891,4433101113.0,2.73,-0.34,-0.88,0.44
2025-01-07,241.77,248.22,250.77,239.85,401036,9934923663.0,4.27,-2.86,-7.3,1.03
2025-01-08,244.76,244.11,247.08,242.09,271858,6681628785.0,2.01,-1.66,-4.11,0.7
2025-01-09,240.12,246.1,249.02,239.93,169329,4168600175.0,3.72,0.82,1.99,0.43
2025-01-10,245.27,244.77,248.72,243.45,147294,3643092329.0,2.14,-0.54,-1.33,0.38
2025-01-13,242.27,245.68,248.77,240.77,180922,4467775090.0,3.27,0.37,0.91,0.46
2025-01-14,246.48,254.97,255.77,243.98,202467,5108567634.0,4.8,3.78,9.29,0.52
2025-01-15,254.97,249.64,255.17,248.44,150627,3798504600.0,2.64,-2.09,-5.33,0.39
2025-01-16,250.77,248.7,253.37,247.03,161884,4056598313.0,2.54,-0.38,-0.94,0.41
2025-01-17,247.27,250.27,252.27,246.85,111066,2786220135.0,2.18,0.63,1.57,0.28
2025-01-20,255.27,264.29,266.38,255.08,342835,9048642227.0,4.52,5.6,14.02,0.88
2025-01-21,267.27,262.95,267.53,261.99,138933,3681448144.0,2.1,-0.51,-1.34,0.36
2025-01-22,260.77,256.77,263.67,252.98,250407,6440345376.0,4.07,-2.35,-6.18,0.64
2025-01-23,258.62,256.27,261.27,255.75,165537,4291744662.0,2.15,-0.19,-0.5,0.42
2025-01-24,256.01,260.62,264.78,256.01,224398,5876198259.0,3.42,1.7,4.35,0.58
2025-01-27,260.63,257.0,262.97,257.0,171026,4460049868.0,2.29,-1.39,-3.62,0.44
2025-02-05,260.0,252.12,262.0,251.05,240481,6141794779.0,4.26,-1.9,-4.88,0.62
2025-02-06,251.0,253.1,253.49,249.2,248961,6261792979.0,1.7,0.39,0.98,0.64
2025-02-07,257.0,261.28,262.56,251.62,344413,8922582684.0,4.32,3.23,8.18,0.88
2025-02-10,261.28,258.45,261.47,255.18,229267,5928297100.0,2.41,-1.08,-2.83,0.59
2025-02-11,260.44,251.8,260.5,251.06,247920,6268157349.0,3.65,-2.57,-6.65,0.64
2025-02-12,250.01,255.3,256.0,247.08,273822,6902713445.0,3.54,1.39,3.5,0.7
2025-02-13,255.99,261.39,263.99,255.1,375350,9803005760.0,3.48,2.39,6.09,0.96
2025-02-14,261.53,269.71,273.0,261.53,387800,10409880413.0,4.39,3.18,8.32,0.99
2025-02-17,274.9,269.4,274.9,266.02,241830,6513084025.0,3.29,-0.11,-0.31,0.62
2025-02-18,272.96,270.77,275.5,269.0,238458,6497674092.0,2.41,0.51,1.37,0.61
2025-02-19,268.57,273.55,276.0,268.55,204455,5580141095.0,2.75,1.03,2.78,0.52
2025-02-20,272.8,270.2,272.8,267.0,195890,5267400818.0,2.12,-1.22,-3.35,0.5
2025-02-21,268.58,275.55,276.88,267.78,309519,8443562273.0,3.37,1.98,5.35,0.79
2025-02-24,273.01,271.5,274.7,268.16,277538,7510840227.0,2.37,-1.47,-4.05,0.71
2025-02-25,267.48,269.48,274.0,264.51,232094,6243748571.0,3.5,-0.74,-2.02,0.59
2025-02-26,271.45,268.62,272.88,267.18,211731,5698649749.0,2.12,-0.32,-0.86,0.54
2025-02-27,270.27,270.0,271.7,267.67,231851,6250587949.0,1.5,0.51,1.38,0.59
2025-02-28,269.6,264.3,271.31,263.61,222655,5935077344.0,2.85,-2.11,-5.7,0.57
2025-03-03,265.0,273.53,279.3,262.24,387364,10603328988.0,6.45,3.49,9.23,0.99
2025-03-04,270.0,263.0,271.0,262.73,268365,7115460892.0,3.02,-3.85,-10.53,0.69
2025-03-05,263.0,260.99,263.89,258.5,208696,5438997025.0,2.05,-0.76,-2.01,0.53
2025-03-06,262.25,264.31,265.53,261.0,250273,6601078271.0,1.74,1.27,3.32,0.64
2025-03-07,262.96,260.76,263.58,258.68,222871,5812794648.0,1.85,-1.34,-3.55,0.57
2025-03-10,261.8,256.5,261.86,253.61,286751,7355227161.0,3.16,-1.63,-4.26,0.73
2025-03-11,253.07,255.2,255.5,253.05,171351,4355529582.0,0.96,-0.51,-1.3,0.44
2025-03-12,256.01,254.5,256.62,251.49,199147,5058919203.0,2.01,-0.27,-0.7,0.51
2025-03-13,254.0,253.22,259.2,253.0,168852,4316530458.0,2.44,-0.5,-1.28,0.43
2025-03-14,253.0,262.0,264.85,252.65,351089,9148092796.0,4.82,3.47,8.78,0.9
2025-03-17,263.1,256.0,265.47,255.74,335155,8685706367.0,3.71,-2.29,-6.0,0.86
2025-03-18,258.0,257.0,260.78,255.5,225767,5817534421.0,2.06,0.39,1.0,0.58
2025-03-19,257.2,265.39,266.97,256.78,369541,9737109378.0,3.96,3.26,8.39,0.95
2025-03-20,265.39,262.15,266.5,261.02,144247,3794188019.0,2.06,-1.22,-3.24,0.37
2025-03-21,262.68,256.0,264.53,255.67,194320,5026360931.0,3.38,-2.35,-6.15,0.5
2025-03-24,257.7,258.16,258.98,256.28,167302,4311680872.0,1.05,0.84,2.16,0.43
2025-03-25,257.71,259.48,260.0,255.29,127858,3303477319.0,1.82,0.51,1.32,0.33
2025-03-26,259.4,256.92,262.7,256.7,129046,3336108307.0,2.31,-0.99,-2.56,0.33
2025-03-27,256.19,258.88,262.8,254.25,141792,3675726420.0,3.33,0.76,1.96,0.36
2025-03-28,256.11,256.8,258.88,255.8,112421,2888588257.91,1.19,-0.8,-2.08,0.29
